Genotype,Control_w_2,Drought_w_2,Control_w_3,Drought_w_3,Control_w_4,Drought_w_4,Control_w_5,Drought_w_5
DG_F3_004,1080.5624085905354,-244.07729215145304,2649.4578541242727,-534.8632581820483,4961.722267572009,-255.05762238389931,1134.455203048028,70.84410401646099
DG_F3_007,1101.6224761793903,160.52007763874943,1793.554876772961,399.3622029032301,3629.3307609866997,164.3782086495917,3768.967097425171,576.7382781958821
DG_F3_008,-175.14035996504126,-377.9581637716072,-1608.7978518642342,-832.1120802065116,-5745.433030658694,-630.9548189508788,-13244.91722528481,-550.87261506121
DG_F3_009,584.5787537775183,142.42036073804815,2278.9572925694406,426.81076715329755,6898.442719821429,152.64778384031555,7273.874949209156,387.4734207463698
DG_F3_011,456.94266403496357,61.72656097793367,2802.439437889993,632.4126541934811,7031.4583756262355,556.7383878549127,11328.919348503845,656.7400401872936
DG_F3_013,-155.80865904722594,-167.70943559816607,-501.7345380885805,-472.10031705037056,-161.8048882537382,-198.20545556353107,2019.4149207728087,45.95827318910515
DG_F3_015,5.881402762834711,-110.42826636355818,-512.4864127615123,-301.4201085583476,-2316.874345219176,-181.68513031878436,-6132.689326283731,-69.37380446664807
DG_F3_017,3.82229289471707,220.66917874518828,680.1814409561706,791.8939135448334,695.8166924917891,-147.55611514191554,-443.5607676595328,413.3659843571382
DG_F3_019,276.8654366091217,198.17596240154984,453.35329870863944,378.6989710625533,-311.0981444301511,609.9675402633635,-2441.8080739249845,556.8799830464355
DG_F3_020,-177.0921548197398,-80.0000343472467,-83.94070540701877,-461.6301765475157,231.63723554103677,-427.3102018478123,-520.4698592546662,-193.83087867079036
DG_F3_022,-464.36514791069976,-162.19024119261272,-1177.8906647915092,-305.5209289764221,-2464.786402508159,106.86644201725143,-6820.776256279941,130.91903090623515
DG_F3_024,1011.4660232263822,115.1731849199401,3190.9865741242666,177.46681395921343,6973.8881637732275,172.64405489338915,10320.41456254657,280.79624205398846
DG_F3_028,667.9631656377427,-4.611070404100343,1044.1665255741539,533.7285763136958,776.7965033577195,565.996874870589,776.0056695436203,606.3056083523123
DG_F3_032,421.21173238349,12.527166517644478,1567.5230183625265,1025.6991392672535,4720.680157741311,1048.9098305008615,8075.025650653064,1252.275056689834
DG_F3_033,2574.5579942664785,286.9287167143361,7276.522664428011,594.0506093915833,16719.575006598527,865.1644046702721,23332.554597800692,809.4478454660779
DG_F3_038,314.9221265538197,-82.29850670914222,710.991962648444,-443.85937426523253,68.62767550046921,-301.91511508696715,-1935.7887344781384,-190.66427929166858
DG_F3_040,371.5943267878606,61.48753332281685,771.4401570005064,-334.3067657038926,741.9581793429722,-201.0663007067293,1027.2013015227128,22.106343177205108
DG_F3_042,292.0397982442762,85.83007571179841,1508.5927692399887,377.556400369781,2564.1568948525246,357.88295564398123,-872.1579484955615,544.3576923008926
DG_F3_049,-678.9587941206617,-141.61204298002602,-2537.476615765332,-309.6556168529522,-7649.59627308604,-84.90055519247416,-16382.261847554002,37.688852004787236
DG_F3_051,-195.32167342731046,10.658406579005556,64.14074624716713,166.97749108248308,-23.892846332220074,527.0854868785234,2344.4294478065603,686.9714527428754
DG_F3_054,739.8733254700026,60.23589169288497,2595.1937104192702,345.4981730565934,4414.353941718267,555.0207271094168,7410.264314200631,513.7989817511952
DG_F3_056,459.5461189431545,47.365831026069884,1627.5684820113495,409.2691397897302,3117.375648134032,749.3242870068913,3801.3777191993872,525.9743513188549
DG_F3_057,-446.179044131772,-160.797356602742,-1647.4607998458966,-184.6290744790494,-3821.9416719211604,22.267400808250272,-4950.3836103086605,314.8459777170285
DG_F3_059,-369.0048648146577,134.2047683370793,-1168.7939047477093,563.7939884093571,-3473.799372143222,249.14990186546171,-6238.556761534086,226.2006743652146
DG_F3_063,59.488391411825624,-120.0921946737097,-427.42503741666127,56.54055685030685,-2683.1848215353252,120.89400367148473,-3505.6450472014744,146.54627378554636
DG_F3_066,442.29313233968736,247.9472438800181,2772.6098741658184,1244.802774652742,6498.46531593188,920.4893390148677,6926.322795146542,1196.369637873614
DG_F3_068,-222.8752288245979,203.97704143555427,62.71348536668424,464.3835332199336,118.0378563290929,802.1546279682302,1255.1414831721995,800.3878806608379
DG_F3_069,25.29342097828544,61.6709222205013,-724.0611607375033,560.7543787674144,-1078.2286882361198,129.94945154286359,-475.09779098442357,37.61969176860547
DG_F3_070,10.011186836425324,-28.680576474388317,177.69893243290255,189.84665287494823,1961.8136471527685,6.2336841711942395,6455.020851555194,86.80674265228521
DG_F3_075,670.4752099445665,511.4103644371892,2118.0275189057293,952.03859306209,5566.359513712754,848.9410412452268,4689.065094320177,528.9396931798833
DG_F3_076,884.1049691805533,308.7616853280852,3176.7598103251376,1113.1392000260607,8513.404011748722,954.9663976135444,14582.73827924129,816.0290380325773
DG_F3_077,753.9466507728716,269.86455820250893,2150.755951066968,758.7200732448788,5335.6766723132505,506.00661772546795,7702.066785519661,379.86860965291123
DG_F3_081,427.01308351784536,185.36727595975137,135.08816433596448,258.308993694459,-1371.7086921657576,96.88661575124685,-1665.1649043703917,114.18872229131517
DG_F3_082,-169.83941714394052,242.12463504897912,-708.4717195510644,68.03472506159089,-2819.8622846607295,266.5270584011892,-5222.279929585346,838.8285068313753
DG_F3_085,-475.6006237827469,107.13259070666514,-3106.181450673589,-540.4404490828165,-9518.251413884076,-64.92266113238372,-16522.46360686648,-114.48318050458957
DG_F3_088,-1229.2321646329347,-83.2779873633129,-3731.129525875269,-1193.1701752254648,-8123.419172789102,-730.4604925879629,-12544.521002717884,-465.86600335463015
DG_F3_090,46.67125057824862,1002.9251406920533,-200.56986161831247,759.535674590279,113.57486496577778,124.26329193614512,912.2823171020458,-35.1577387600693
DG_F3_092,-651.9542810467651,649.5759574358822,-2724.2682754749585,52.32632123071134,-5752.65325627108,268.51177892198046,-7164.988107586947,428.1011248333525
DG_F3_093,-153.54446312790856,631.8420480468283,-1241.7618157932857,-531.7372426499985,-2874.284387507133,-229.42291478054727,-6072.494824306356,-84.30139535311136
DG_F3_094,-375.829523750808,1532.7156951498976,-1154.3478765745367,497.4317436999266,-1443.7029849470198,590.9283524945988,2394.215898244841,884.6058328277105
DG_F3_095,162.8531029180342,1431.2658796954559,379.05690494633603,559.3314267551254,576.356618152402,195.04212008441527,1347.3157362113968,387.192817046668
DG_F3_096,271.09919575924476,1850.118611144221,1712.4705280578326,1000.6465008106901,4848.859846954784,1297.9973080190327,9384.14116631971,1137.4832964843474
DG_F3_097,5.981934579576064,1401.5010377272238,544.4365811524524,-245.02352659249877,3901.5832959647373,81.19172548066604,5431.958237608398,331.72115973157713
DG_F3_098,157.45635173812633,734.5327838745956,736.0724660293445,-616.3809429380558,3119.3973700527813,-405.33632037333183,7387.396964646036,-267.08702855933234
DG_F3_099,-460.20912039294046,351.91124615457903,-1422.8566328263262,723.9473646166969,-2600.549086496163,718.3987452442321,-1789.1637758219154,992.1900857152436
DG_F3_101,-83.8054268176972,377.7915944131029,-578.7024444178902,-308.96371680609036,-1525.9502312247655,-108.93170604584387,-5310.676145524632,34.10771318280545
DG_F3_102,98.72025070783727,143.92829792194124,397.7356687447034,-15.971152057816727,638.4709768819608,38.76040754068723,4269.074178126417,212.4485179290801
DG_F3_103,556.8902085464852,86.321649486243075,1522.7810630139604,1088.9695078125528,3205.7692592061494,481.7145850765115,7855.460888515981,510.648370645461
DG_F3_106,-755.8890737023294,-330.8936156829692,-3546.720295551465,-1028.9568229919287,-8077.561020304204,-626.4232798153046,-11804.703836932029,-762.8180097294307
DG_F3_107,-1112.6139422101908,-174.75344312316983,-3610.961189425087,10.048001168036953,-9085.766608108186,406.25136648297746,-14275.696297025515,322.56706477611914
DG_F3_115,-156.04119216712394,-79.49397518481757,-721.444859084824,75.00377028769881,-1321.2751587600392,300.6441342741295,-3244.4045579387766,399.4653442671057
DG_F3_118,60.69367254639237,32.7506833343034,-100.31411360192973,-293.4670191100543,-473.16597529390623,121.25884877155197,-1956.3894262877984,194.0377798666029
DG_F3_119,390.59622830290164,60.57583703076608,985.4152746438928,-189.95071442911086,266.70975484993886,-72.54387405170002,-3564.694801451536,79.73832577448285
DG_F3_120,554.275991138882,22.69291226398322,855.6143044570819,-57.8831260481337,1578.978672532736,-13.185666064113269,199.56862939873375,-210.82433502520553
DG_F3_121,-213.97557026748814,33.167439700397125,-1290.479882695171,-113.73181270395521,-3807.1422767765266,-308.3168423201001,-9035.925873454977,-240.84708397205395
DG_F3_124,1045.017749088999,47.67446579589007,3463.577701522285,301.358828319728,9975.674516803,167.1898932092589,21048.326447091353,415.37509303385866
DG_F3_126,653.1580976947807,142.84159889886956,2138.903057120074,703.0788552303563,4830.351044281502,384.2309753529138,6079.078980980745,815.7830101178544
DG_F3_127,501.54588721120155,-91.22133341458978,1043.4057428496874,-717.6545288273387,2600.265424707032,-539.3781333288279,2007.0872439671718,-89.2445006612237
DG_F3_129,-1217.899497127379,-519.6559975913315,-4903.136440775246,-1565.4239947142903,-12132.731440682539,-969.4618343316017,-19658.79195841425,-799.6451334332023
DG_F3_131,99.20056810426445,33.75644967389048,358.6174596874039,44.18751030313049,-488.9599596530745,314.833072837894,550.3518652714754,430.03403235523274
DG_F3_132,-362.47460818867296,-103.660025370252,-1449.5398547201526,71.33518134796898,-3114.4154370773313,-12.474361670601448,-3870.406469076726,211.80035337237442
DG_F3_133,-712.9738808742882,-247.4742286347009,-2935.093366300294,-589.9697366086801,-6336.483815821211,-451.29489856011384,-9015.514086196456,-452.42099983927824
DG_F3_136,103.99073686801302,61.139022512525784,626.4131728221754,-179.31228318254,-713.6772803855868,-152.9090583664236,-120.45677779691071,-366.5951117734951
DG_F3_139,-105.98790910683718,18.935158740176394,194.91366240018635,233.8053679333561,1984.165657082334,25.242206599465565,5559.840658366586,145.7711244826483
DG_F3_145,615.3424256321738,72.16687390372685,1652.164907058449,138.7740121553901,4317.280404693693,-0.5026944635070909,7956.149968379699,-218.12900936340552
DG_F3_150,-454.79261946617333,-16.78650796326411,-2003.4169322290081,182.1272584116883,-4480.140968440591,163.68785623344846,-6691.756842034051,-46.97130930747445
DG_F3_152,803.6875160724207,3.1092668494837263,2106.3667918212795,-17.53393220571003,3521.7769385919937,-388.51754975088994,4910.844676571416,-386.3139254292895
DG_F3_154,-94.5876453054206,-102.67975656775582,-131.15854719493265,67.64058282738941,-638.2338255019055,-152.92688068878707,661.3038338155476,-490.2746575106827
DG_F3_157,369.41546940880113,287.06601609418686,1543.6591812711933,1042.7920500694488,2592.8470449699025,414.91479425517474,4224.727357703175,92.23803053698654
DG_F3_159,270.9624114719682,313.8006139870027,274.75441656599486,257.37034931802145,-1311.4343610958554,170.13229333229904,-1213.0367503184868,288.12120095843994
DG_F3_163,358.3426858780609,-170.2937304336367,832.6836800656686,-593.7641460382528,1975.6621624597894,-378.4974076504284,4455.274142181274,-325.10855166065164
DG_F3_164,105.72024582800306,107.4301177271271,-314.8866956408264,1035.470944109223,-934.8980331902194,65.0476574476321,-1226.4933886283472,-34.00532126417563
DG_F3_165,133.93609923471308,244.49958691289044,835.4089729159093,937.9664916674931,1963.3162251374865,290.83322940075215,2374.140092908257,-4.175250734291021
DG_F3_167,1541.4144080260753,118.94692165667318,5018.706905924879,1208.2303541270585,10705.287324101984,596.3924475611825,19328.998772967396,193.6844133023081
DG_F3_175,610.1910014725207,89.77844752037461,2254.942699950973,1130.320513453505,5160.684740024808,901.1972243228136,6954.118118971459,294.53093295951845
DG_F3_179,393.94174051152834,-33.25596237455369,1231.9696058532609,-312.1433619525205,2444.1278129187376,-466.2369936930352,6111.344234727902,-417.36758625037874
DG_F3_180,136.21894281282945,-85.77707801451372,-862.9524449802193,155.96701220951724,-3963.248551064829,52.05335210554263,-8407.878509094828,-319.28299086757755
DG_F3_185,1268.9469570855329,-152.0390424347407,2215.2363961712394,402.25709159613587,2010.1541727778877,-145.54614909598976,1186.2241366468365,-409.48436143131687
DG_F3_190,-261.8810330419808,-92.10356154735736,-2105.9010517385914,-208.369947146686,-5219.959217027129,-634.5622332504208,-8842.816405464315,-728.7978153792609
DG_F3_194,474.2274409364484,-65.89609828854249,1370.4161875554094,-291.1396308266459,56.23761715117627,-477.2566534084031,-1429.9245840984725,-549.7237150227736
DG_F3_195,-345.45769120559305,-357.3681620404702,-1368.8638427339788,-686.0716082160538,-5577.819063447388,-158.99244433009176,-12027.128313767127,-251.5998705503405
DG_F3_196,-305.40275905109416,-371.4650971008932,-1345.4483608537453,-677.0323142921644,-3362.046297658658,-211.98712310621346,-4875.463537656666,-37.90577662235718
DG_F3_200,64.32242626080311,156.9576241413336,-769.6128850536484,690.7214250480846,-6954.458238091,18.85679058600648,-14822.235195236239,-1.9646733061121298
DG_F3_203,325.4968978898749,37.09513760568068,848.9941363344285,607.5577440543432,2217.368674428807,363.8649780947151,316.0148917701743,213.57153637677797
DG_F3_210,302.27822339563807,0.2849956375525344,953.8835824485657,684.0313676536748,1259.5595391009517,-26.16265319894323,2671.9347163083976,9.421308498697533
DG_F3_212,-656.5011909298082,-361.6703244744869,-1370.1267590679358,-896.7875118400283,-3144.8426368482374,-694.3551576074248,-2936.968011360808,-240.91736030469738
DG_F3_214,115.81514590800793,-39.16977656374673,1020.2022139339475,338.95485744789926,3520.70370033598,23.421527970133006,7455.754954022492,65.35270161386381
DG_F3_218,-178.08463552640998,-17.0447257311092,-1602.7847377348994,538.9181426383244,-3726.84274381226,72.44399946749071,-6850.698067089472,2.3736811916682696
DG_F3_220,815.6117885973506,-67.38393995904623,3332.3429320488713,558.5846839214204,8129.2050074979015,214.29640390350173,13372.649856151043,108.78210280435053
DG_F3_223,-861.4142718760388,-55.72404636713083,-2749.5632486658737,-11.285965652866594,-6872.746491147544,-230.12527365037883,-11373.355204035946,-364.4923325947702
DG_F3_225,-1221.399433659969,-505.0896826442817,-4296.928364824655,-1186.5022011022102,-9827.387190523717,-553.2272364980158,-17172.574314558748,-500.4507609290688
DG_F3_227,28.311002328188536,-30.78429354282649,202.6928906823278,502.1832049821644,415.2040734205804,311.58669808853574,-2254.129198336388,209.97889311417552
DG_F3_230,-925.9004596046753,-186.12671867958193,-3315.340876448594,-605.7821271302993,-7681.576315059482,-641.4951453449203,-12761.879191360737,-763.092697786077
DG_F3_231,4.9952134424804076,-154.99098572130882,-426.8107504620478,-706.2547921320898,-1858.0791311196438,-522.5318902834177,-3071.629360213154,-365.4926612841632
DG_F3_232,499.69510545888824,162.73392539047742,893.4599317857582,658.6263420206914,91.80472281662895,263.094001904952,-3073.8141153030747,38.4431415531789
DG_F3_236,490.64824568572476,135.68155618441742,992.7899931612343,770.6957263849094,2929.0675697891384,246.60848594491534,174.20250696306286,-263.3361704619938
DG_F3_239,-242.21237171291293,-28.985878104788437,53.75700422863426,90.06449970630919,1754.702240874306,266.42255158691313,3465.1350702215595,111.98350361174049
DG_F3_241,629.9456943159114,-9.496592216858145,1418.6774247918195,43.46883020757526,1921.9493361754242,244.53730338101587,7958.636137731883,201.37367359095498
DG_F3_245,138.45923882239177,161.40630985108024,80.72076382029707,318.1125499815813,-2428.951493945158,213.27067935747783,-4847.109304966602,-107.25891387125296
DG_F3_246,-174.77991018089045,-211.46194061041192,-636.8172781990202,-255.89920144546974,-93.38544785658203,-341.7184378701398,2706.237414132789,-309.3995373073515
DG_F3_247,-530.1966503057639,-243.39814082554628,-2069.68740828638,-1050.4691203208401,-5071.453203938187,-759.9617471876771,-8529.108474726238,-828.9759137396221
DG_F3_248,-569.2270478931047,-134.0002676043345,-1460.4900795279427,-634.9695206164054,-4629.668570901834,-55.380980642415615,-5724.483840978626,93.53142244646575
DG_F3_249,-425.98421755561213,112.067645114809,127.12758353730504,-55.136184465277054,1994.9804296758869,57.02913079086771,7439.689252101573,276.2045897123828
DG_F3_250,-122.91939462816843,-178.110991339705,-422.8236619597043,-510.0124980986523,538.6109772847874,-636.1528390311354,3529.033465293969,-512.0923613345883
DG_F3_255,165.0290397381639,-400.3856815078559,-184.71243368329937,-1126.2036681117718,1205.3469178344951,-482.506206972767,4469.474499805461,-558.7453309679731
DG_F3_257,610.9412823076918,-39.65148285584423,2840.4281413341278,281.8907922280362,6152.270806640073,107.03123430605656,10295.388544802385,13.064639017025048
DG_F3_263,18.760256560736696,24.064826324842816,426.46684077612963,588.1357218571161,3439.7001827212152,223.77758172965449,6737.76509234913,112.13281694637402
DG_F3_266,657.306738470329,-220.88459358418908,1579.2366261019376,110.3044875144837,3438.160081719943,-319.0379871303387,4984.659874606842,-660.2251004431525
DG_F3_269,-698.958547774185,-103.97991386093192,-1915.2806236080578,-227.2596904630246,-4216.038317712508,-334.9889882345943,-7874.229892244462,-453.89230403357055
DG_F3_270,-319.69304800480063,-329.479556348837,-437.074965468557,-986.6567971287932,74.66538021475282,-600.988949359718,346.6761807512373,-536.0697895907871
DG_F3_271,-530.2103161353444,-132.70125876692242,-911.1090639623084,-482.85672268050064,-2520.1360520622457,-545.3094789554741,-290.80732503227057,-704.1628338160681
DG_F3_273,986.2218858517834,-239.0331592997201,2342.226970227606,-568.6590811993676,4093.2462663414703,-464.4851725962207,5233.862911142748,-444.9022886076615
DG_F3_274,619.0714363964786,-297.01812166565804,2551.0937113426826,-551.7619577420475,7444.425827081932,-294.12944566580137,14727.092181370865,-226.6664130674157
DG_F3_276,-141.48955984852677,-129.8441819566227,-382.195814295805,192.9744194463594,824.7924087749298,349.9094637996608,2355.32263763783,24.34175076662109
DG_F3_280,-30.339349603077245,107.95087101578565,1409.7057940143625,1358.5503596264746,4591.894653888268,1069.8972932272932,9050.913957107792,488.22308978375224
DG_F3_283,-1031.7532061296708,-279.1809054822387,-2705.4815677528304,-587.8152454044922,-7277.191987959998,-378.77914182267824,-10605.014633295837,-635.1789619623441
DG_F3_285,797.5788062408471,299.5930997817758,3364.8438468882787,1642.5915347827856,6783.3920048508735,585.2882124261278,5692.051951182245,372.4493905480676
DG_F3_286,-16.16205747772078,162.97567615712842,366.25685935475536,282.1308069959975,-303.0353791645888,623.3527808063417,-1434.9874973820426,309.9366392186542
DG_F3_287,-791.4662884734154,-12.660749799530073,-2926.908169842332,-198.29905227767918,-8163.973339423828,18.33604580941634,-14810.142354242744,-38.18369438659653
DG_F3_292,640.9917584804388,-161.1191313771598,3747.444520125187,-76.10006603844205,10757.951385319913,183.59202583284534,16649.077496097736,-13.795062773580687
DG_F3_293,-205.3071586785315,-445.5030332620121,761.581553799262,-868.7478616720697,4975.081491944474,-281.92988729860537,8340.631416016893,475.36987635017505
DG_F3_294,-401.39534486898106,-341.1761059771921,-1038.2569626169993,-336.1844415049834,-1712.983451704905,167.60202859002248,-3042.6587988904203,261.44759311499763
DG_F3_297,933.8279099288816,309.7215698319732,3947.270674557812,712.6673173595655,10219.914606780385,163.87967118464258,15712.0226426795,791.5888183732627
DG_F3_298,823.7625688242435,-169.146165619722,3810.3527610418623,-403.7486872963008,10121.065616016049,-18.792681903110804,12714.51161045648,-269.07553712891183
DG_F3_299,-459.39688549085287,-187.4864292126876,-658.4192500861049,-367.4856872823846,-498.14496061863156,-328.840335312212,964.727969003242,-372.38564023021297
DG_F3_300,-987.6511454679086,-414.12139637681446,-2381.3356835767318,-1130.9120991942211,-4024.5567352560956,-669.7387300110614,-3521.987692657791,-648.2074914133539
DG_F3_302,-790.219749907985,-311.10198815052564,-1660.0271645133587,-383.9743461160354,-2037.5683518032645,-248.55642462010366,-1042.9366093619342,-386.93970958977417
DG_F3_304,-497.48551527794297,-162.42302212108828,-1647.128964842144,-703.6429704596179,-2328.882437677565,-626.4876897322574,-3898.075098556568,-742.3814590368476
DG_F3_305,-701.5314890550809,-424.91328579450527,-2364.6629054466503,-1040.2193665485484,-5145.179344426215,-405.8299576256594,-3571.6732008860135,-495.6023943671053
DG_F3_307,-330.3625540502876,-108.98663051244789,-879.5451775830228,-15.670255241209242,885.669422154614,-150.54423419016467,-1218.7028703379035,-209.49513162798334
DG_F3_309,507.99652838728264,-25.33597582063499,1028.3630449689285,247.20149222010787,801.7005769058039,-86.67528315932196,-931.7534356858497,-363.19545063657864
DG_F3_312,-1158.73228559859,-494.57960331957315,-3363.2808890789997,-1342.0095040867923,-6642.882844479213,-786.655772882447,-10483.436050683236,-877.5950795413148
DG_F3_315,-252.55927077319583,-395.43361791465526,-1019.9739804424141,-888.0458593835391,-2746.590256799227,-349.34110568787924,-4731.435941773771,-189.5470388907874
DG_F3_316,62.26792357759147,-210.80618282383165,977.3758136891538,5.778256148585467,1690.538642394919,-104.05948881166177,5850.845603567183,-205.75996250822797
DG_F3_317,-1371.774650061396,-599.069470230018,-4788.597030741441,-1767.2473344351854,-10757.570071066748,-1178.0067891275628,-13628.58166731814,-886.0019088175892
DG_F3_318,-448.98132256268747,-47.54739714244314,-537.2265752215138,893.0767318695562,-1086.48634199857,437.5234178552282,-589.0344866632184,149.8178477042829
DG_F3_324,85.93685517240316,-125.52568702635696,770.0738135745663,-255.70515812432336,2095.3484234427224,-534.610546987993,2810.783627931482,-601.7137841516587
DG_F3_325,133.8030685615059,89.87621791328824,802.621862806987,703.6717033913425,3279.121953589761,-52.05894659737141,4183.669594189008,-163.07793290927896
DG_F3_328,-767.4395308175676,-374.71184325334934,-989.6552518874468,-517.2781123243448,606.3293636450308,-42.54294890286395,3047.28568144414,-23.642906556433704
DG_F3_329,359.99691403925914,-152.00824660293603,1152.2000992029496,206.14332029902369,5124.873297764136,447.3714579415267,10537.487021189861,385.79414697991615
DG_F3_330,-278.2636533195452,-237.27131357550286,-259.4498402597393,158.28945756109204,552.459310019752,106.88484594266326,1285.222409565195,-81.50009633912317
DG_F3_331,-378.3474295313833,-264.2197663108779,-406.76125800852924,-657.1059026916495,250.11569287573985,-320.16471173914175,2616.662877965191,-299.350526355209
DG_F3_332,-329.5129173103307,-152.29077031059188,-144.96273474115972,238.0741419086614,745.8210571244991,323.89708420713896,4960.004488690596,438.2569892253653
DG_F3_333,-681.0640683964348,-266.2448172950698,-2203.121410941986,-147.0762612558664,-3693.3668734605585,-241.93944642389152,-5173.514927909351,-278.8476508674721
DG_F3_334,-1045.1311951350237,-330.3041431501777,-2746.6990272385538,-800.9906113753124,-4478.279599429138,-718.4283304754692,-5508.698978529135,-660.2017330745249
DG_F3_335,-34.76654771046277,-33.91235897902911,-631.2568950317133,149.25524783706484,-2413.7497697578247,-161.30192489877837,-4481.980867543659,-285.79230467281377
DG_F3_336,-744.8695387302043,-388.2762266847443,-2570.550680214701,-760.0238564351666,-3963.0249018705435,-641.4545036272376,-6273.944868358864,-668.3007743181548
DG_F3_337,-199.48941544380364,-119.48823230059253,-6.145797997120361,310.1813680327926,1675.4896636775384,32.816381525597244,3751.46647912575,-193.569341619071
DG_F3_338,-502.0225228506609,-388.64123870765627,-1459.704928212607,-114.3679202687565,-4388.887637756085,-72.16290188154994,-4103.104444797217,-233.1078346985769
DG_F3_342,-707.8094586512607,-249.89920838070591,-2664.3127270604655,-356.9794331257811,-6580.120100045835,-359.20529380681313,-9896.071622267737,-441.49093738472305
DG_F3_344,-524.3218759654079,-164.59876587260817,-1984.9676011280749,-731.6133030581915,-3513.335906497305,-739.8225196259426,-3608.0389448850283,-858.2828121846328
DG_F3_345,-74.51354991635023,273.17630126505765,-131.12270953833968,818.6501077518542,1757.3811395606779,46.01040617825418,5629.655357929054,-178.20255249563868
DG_F3_346,-105.52636753452434,-64.05267869226734,-559.185787197533,-421.07939283246446,-592.1865010282118,-464.6173279516124,99.13065843642872,-531.735454276378
DG_F3_349,404.4537280381885,44.529501328042024,1263.541723068036,-751.9148340236234,5510.414646146272,-592.8169025556691,8356.16618133706,-597.6443576513435
DG_F3_351,844.4743639358824,60.36473272146073,1410.5263269091313,197.69713285064057,2055.3282540050486,67.88788521859712,239.48306066857091,17.912639054610175
DG_F3_352,-275.97735074203985,31.739946164208487,-1096.3136759403378,-42.80917047277806,-3351.09084702429,-48.80205915319034,-5193.097909460329,41.05137235213469
DG_F3_354,-273.48011406073795,-130.54280320601032,-799.2253794085277,-666.1595055954157,-3402.268834485462,-187.46568899897184,-5845.731201984827,-7.952527492139342
DG_F3_355,15.74905702197278,-10.760592448019745,326.18772039007143,-279.64334941043194,-899.4505893273077,-233.24386745907609,-1237.1107389149388,-59.444075786354
DG_F3_356,378.7389402246484,347.1873463253221,2034.2697502039082,1312.9102324712471,6452.234667146305,360.97442171035107,10100.7034635459,383.97376223188127
DG_F3_357,260.1541449337795,59.923687466823694,809.5337783480104,217.01686553164856,2158.4706543302555,97.07699041816849,3152.773414441528,-55.89714649116849
DG_F3_360,-155.5331381587665,-243.8925645681413,-1321.3335940493648,-837.2333120962875,-4698.195929116378,-704.8471549121266,-8302.361311305569,-420.9030147370032
DG_F3_363,-567.3726598066436,-104.7661275147603,-2223.052978670096,-581.8836286818766,-6918.754399317462,-464.0498592926134,-11107.341054102037,-555.1074464721794
DG_F3_364,-168.89858977345054,-51.719278254269,-945.5734108048034,-190.01893694538418,-4606.082290484268,-150.42272534980566,-7866.387583158215,-31.742278621076263
DG_F3_365,-453.41936290057055,-130.6934671778595,-1554.0260766317015,-283.6296484657866,-5925.737638232876,-349.883249102954,-6570.137148872153,-444.2311411454343
DG_F3_366,-131.37709722777737,-46.85503296152781,-407.93564877411194,-428.4260093794364,-1611.7717569726092,30.785919876059786,83.11585126860439,188.7036490664605
DG_F3_367,-460.16032823412297,-270.04060602833175,-1855.153867501598,-942.8823745840062,-6440.953724504762,-720.1996255171198,-8465.423997948257,-413.3799634751912
DG_F3_368,-165.77126531708632,-144.926106414478,-1294.8456384586568,-394.06223340559575,-5312.810505544022,-479.6526184295425,-8293.246121429487,-344.8551152877227
DG_F3_369,-129.64163644405204,-58.10070940148333,-780.8877734379065,-465.2591696173035,-3095.4882907667147,-547.2788329828401,-2905.5395280937773,-383.5957315397019
DG_F3_370,-352.8662043834794,-184.69280666918056,-1698.64828078658,-729.2221197681641,-4135.238971837231,-768.831557306848,-4147.759036666115,-518.6070872804843
DG_F3_371,-490.6961246652717,-157.97831403306023,-1709.7493235491813,-347.52713461859753,-4911.885384618394,-122.2716954610203,-6393.870845538782,-190.2736991373887
DG_F3_372,-414.2304549361884,-211.9447796492328,-1214.4618170318297,-699.4725826760467,-2617.498298111705,-397.46653753564397,-4872.795381490434,-375.98168773113935
DG_F3_375,-263.900392812852,-72.87532647865625,-1117.812725062735,-514.6614665424073,-4158.909739628386,-610.104537882209,-5720.161058917908,-577.0050618246198
DG_F3_376,-327.80760134662523,-120.87496988695817,-1291.9074487668122,-89.1248810036953,-3286.8480512455985,-411.761191415302,-6890.46654905322,-411.29851010180266
DG_F3_377,318.54427277743235,90.75652047555852,824.4266868617761,430.2599370260512,3574.9034531858756,620.4761323484406,8362.925764042671,424.49078054665034
DG_F3_378,-155.7379263837456,-78.91777939897582,-1262.1074701177672,-334.58673780593364,-3156.1500514410827,-213.837870620749,-5286.770788769452,-236.74344988415928
DG_F3_381,-160.10307619103995,34.540959478809405,-231.7827297967458,-229.57833914797953,-29.62734161937337,-427.81284953454286,1038.067143975293,-369.94224692998404
DG_F3_384,-18.286950764767713,40.057998749961705,42.869861071230986,-69.3168314748989,1610.819209298428,188.3093430993457,3716.4362472848115,-124.53591448708227
DG_F3_385,-816.7247864589813,-276.3442629193275,-2447.939129487035,-620.1212255417838,-7414.793644403888,-455.915713310126,-11565.307125173715,-397.9428359125154
DG_F3_386,-654.2656671737667,-106.49452102749659,-2137.516058306042,-165.0220530119531,-5568.920051035387,-209.74764978516825,-8395.41770843537,-181.42255969262575
DG_F3_387,-244.75200075472097,42.961933195088726,-482.2584625910633,102.31711485229977,-282.2005793569243,344.94762906663044,786.5265983020216,270.3525724563076
DG_F3_388,-121.1900699133741,40.976077710515895,-109.15076876751777,216.9066391389301,845.9101823570976,19.61353448300628,2077.1156033913935,-187.3915380460395
DG_F3_389,-55.742667129492844,-85.62797748568778,-332.083863980901,-278.6664564649754,-200.60355551754174,-610.3937597317096,-596.289055933129,-576.0763230847448
DG_F3_402,-386.2139521162674,-135.09728458055798,-1459.9171011875142,-531.1408642678266,-6292.593698485434,-460.04301521950805,-11146.23172570209,-246.69131042524273
DG_F3_403,-168.10553510896546,39.89775405085732,-173.002692248964,-476.7368077821899,-431.19778953229115,-462.3222655709807,311.2248052194535,-94.26980251585002
DG_F3_405,-533.7204441818478,-177.7403168038933,-1423.2864026502764,-543.659712015252,-3157.601669178621,-315.17625438513585,-1828.2425094853431,-26.786326586185307
DG_F3_406,-70.54001824355704,-99.77992434562441,-357.1285862624841,-645.4025154150379,584.5721144868514,-667.8643778940079,3356.717928787416,-745.6911175804626
DG_F3_411,363.1479939454509,8.738733211504053,1171.08610830258,140.86614193153002,1368.2133960926876,378.1237639378345,1162.7563969483544,467.63795042357896
DG_F3_412,190.6243632359673,47.55844274333332,413.59497607294907,1.169406603660679,398.28783052670525,504.05001031808746,-1058.9719075251082,941.2648101604175
DG_F3_415,-384.5741320676763,-147.55643792458886,-78.37586118983907,-425.3821916369019,994.8870382393012,71.65351919790929,3179.66735614521,447.11327822266543
DG_F3_418,-153.3479343605725,-62.164424413515654,-301.4260555515254,60.100169208122004,2365.0087905850446,317.15492714983213,6861.117913736214,91.89687362763732
DG_F3_426,-551.2646311380211,-16.050371650021884,-2284.350315830132,-299.568000697685,-7113.411293746608,-400.7963457419387,-11896.016797734075,-365.34449355695125
DG_F3_430,-568.5891774228603,-103.12010956203156,-1423.3335885634094,-328.3393399903252,-4181.554654057114,109.95535860885975,-6668.1720735639765,247.29469201069037
DG_F3_433,48.95122066412971,-32.21821507327393,292.23087135934315,-512.9128575003764,1291.4950019823495,-76.18924908370957,3038.7443570861665,56.94522639539174
DG_F3_437,-325.1552933961906,-78.78041395471372,-1197.16076738404,-637.0092296971003,-3060.972355025069,-157.66637304375521,-4593.833256541573,-479.7070911919097
DG_F3_439,341.86131102591906,35.2596869971208,2121.820375923804,-425.97493281409237,6400.590646761127,-126.7712026901385,10728.41502957882,115.53248841187863
DG_F3_441,-633.085463265459,-291.06114805285165,-2267.611611724613,-909.706554688423,-7449.5031257633245,-654.0729787765792,-12020.346817430556,-569.254007034307
DG_F3_442,111.11030937098607,66.56839522516786,834.6459210722231,487.50234976569084,1384.951928153772,4.316951895780955,909.0335317461522,-10.192257711176545
DG_F3_443,-320.51104473249336,-223.14810699516062,-1053.3942069728787,-409.2441726573219,-2741.3720166004637,101.9233270281699,-4715.050792666833,194.46270752849676
DG_F3_444,-282.5220662124554,-137.83651373579698,-672.5288142647931,-680.3291872278155,-2794.815002401737,-261.8761363464604,-5011.626276995461,-266.16957122464964
DG_F3_448,-425.9337537977199,-63.17768323360597,-1122.5837174859016,-128.38867645318192,-3069.416671144368,-96.25004121396915,-4385.124271871332,-25.46254525464062
DG_F3_449,-175.31110003660842,-67.73849689991442,-656.1633722399206,-541.6854358421597,-4122.250444342692,-430.8515912195739,-7465.991514077078,-284.4307228219961
DG_F3_453,-48.764796350900724,285.37626105561844,794.262438427178,594.9594064126824,3120.843604559393,178.27265062895162,5026.6763760345175,161.78828520740254
DG_F3_456,-523.0003079564148,-115.38570091317665,-1451.2168500123428,-125.8140095161366,-4494.003623116811,-455.5603747141838,-6134.980239309389,-590.4720849221444
DG_F3_458,-254.6729288659121,-41.82532422124792,-254.22637370919162,217.07531167847435,-762.9097236384048,624.7710388827128,-2624.6760674540988,474.6441793990781
DG_F3_459,324.3041014508825,137.5263327079242,2206.5776431931117,-88.42164006038833,9363.10542629132,-220.39916635014447,15377.835323537627,-338.5630315543419
DG_F3_460,298.6449477697949,187.75637203682348,1768.3442253109513,611.9363264804721,5196.974182815049,-109.01333462196794,7758.244770125695,-142.9994894635198
DG_F3_461,674.5352979929203,339.7583681630824,2590.67545816163,1416.330701921659,9245.412108883444,651.9349646781817,13363.11955263374,290.4486191148131
DG_F3_462,813.6321431400041,502.3710527354175,3019.9131996669253,1550.085767915232,8950.688968465369,467.31452412342287,15224.456183371027,282.3769451256443
DG_F3_463,66.4810474504988,140.6816403985706,-48.028440691125915,61.11723002804347,-1201.559530947052,-164.22556962317424,-3250.7843801531485,34.970782720581965
DG_F3_464,65.6975505344235,-99.75164073651945,170.76193084246606,-455.91450682002534,-399.5175004851456,-266.36453240687035,-458.1712728581682,-133.3713517388219
DG_F3_465,-192.6671543595013,-7.088546216153184,-894.4100340019304,-57.65543647445425,-3300.4106816662334,29.142781368634907,-7159.126420421532,-56.76831975930515
DG_F3_469,406.8120739001141,-84.37665660353576,1462.8948417169706,378.0700547061102,6049.681838786009,729.8860622055478,6157.090670824144,551.2866359016391
DG_F3_473,148.98722150948177,-126.44716138903179,384.6980931374122,-47.51270201910697,1767.0277609352331,457.6067915422723,3655.6288035604016,291.04624338317797
DG_F3_477,-352.58154357782183,-99.48414025993894,-940.8715645740111,-415.5972339525157,-1822.3142008123148,15.609294339272806,-1955.1917305164877,165.30443215325755
DG_F3_478,126.84523321215056,138.7805397914853,833.6073119268211,721.5988088392808,2894.5486038215704,-145.9615910259773,2941.894507019028,50.61129529482901
DG_F3_479,-503.11944706355354,15.20948294927363,-1410.8934225431415,145.90698697403232,-3413.447119292364,468.7314249188522,-2357.336054537611,764.3914130498391
DG_F3_482,-215.90320016023537,6.489159279751158,-1070.7573690013432,167.99559153150454,-1756.1690923755882,-63.92919581121272,111.07282365551224,43.97623086834637
DG_F3_483,750.2552469203715,272.2479530501377,2338.715769877944,604.1643374122549,7137.24691456515,526.2810708532693,10354.47354016711,92.87637057465224
DG_F3_485,-163.8956831741394,49.7327871800078,-188.91972249604683,269.1745398920534,-4.488707612050616,553.9342866967361,-212.90390775584189,387.24102036925717
DG_F3_487,189.4973117034044,203.99079015942092,889.5592500344748,799.2497291940317,1213.7972211573335,500.0880111997266,637.8419206027677,602.6558490647391
DG_F3_493,267.083406280995,328.40921308041135,1922.5005201139713,1598.3816689718838,5974.094656304608,1203.4345925826203,11396.356325473276,1059.030014098875
DG_F3_495,-997.6800826908362,-360.3857192715305,-3614.3747199351833,-1483.0549912042472,-11144.188525767626,-1114.0792817430759,-18641.62170941492,-954.0410461938698
DG_F3_496,-425.2270822228384,-186.92833642062217,-1259.8370163754412,-413.95243354507625,-2858.4681159401853,-229.06547949165528,-4725.875241983341,-168.25369007209497
DG_F3_497,-104.9575848950164,32.32502131168115,-376.86840441372607,32.20438454792624,-1578.2705781695586,203.2314850410216,-2235.4391151319296,149.67285171667476
DG_F3_498,-134.43237301799903,68.28952823890144,-294.4346774618442,282.98898282813843,-1355.230630278513,73.99349276836624,-1684.5990500170078,32.72430042584757
DG_F3_502,591.497963147755,116.32561573424205,2838.005974092075,418.1937329901625,8548.012647537424,373.7813455068966,16834.968441551937,290.08521520803646
DG_F3_504,624.8149083670993,11.217535580640686,1803.8063507211643,-63.90251530815696,3278.011541321465,105.55498626674421,1938.7966697245329,266.88958617821186
DG_F3_506,81.97583039752824,9.91352631391041,83.85628362335818,12.237137036381776,557.4984577770351,-181.3978436410664,1471.112126883788,7.533165350062221
DG_F3_507,-337.16112961976097,-99.70124572891923,-682.0342006935385,-65.59298088373866,-1951.045403836606,-22.23064943654813,-2854.3507911991915,52.99243088779095
DG_F3_509,352.71810975923466,238.7239010291598,1205.6806899035844,356.17205681427504,2146.077301483796,-39.57839438614829,4495.892127104699,-40.387285311911214
DG_F3_510,-113.40169366400843,47.89894292590835,-1094.816051108861,-28.126158074821564,-4028.3300985969504,-74.42329179019026,-9495.999099502182,-58.54140297942974
DG_F3_511,-118.0972101679602,38.454257912917406,-415.6242840334673,75.45393415659362,-1763.1708957177734,-136.5046655097262,-6198.8538929601955,-125.26043446902666
DG_F3_513,219.80635982908979,-4.65206625021986,1130.975845721348,52.31379202328171,3298.0276660048203,121.61246314375431,4076.542672933078,-13.401355159447032
DG_F3_517,26.071667203392288,-41.50736252190208,338.47136589221725,175.6517041065818,2416.0782510306103,7.3093710879704705,6992.165576687629,338.72375045532203
DG_F3_521,-116.95419749258046,-141.62183668469402,-759.7778001367083,-425.65053804810196,-2858.874425390575,-87.48310866594325,-5890.172977991995,-151.06817187525797
DG_F3_523,-163.9537689352671,-34.99289784935428,-313.2257323565539,-216.1009926668028,-2471.1979590405126,-175.66283158075154,-5003.6812853199235,-325.47986748126687
DG_F3_524,14.869203175484195,83.92671595562541,-237.90543213393457,276.5960331743564,-2941.527330982225,75.73512632358131,-4994.003383486053,317.73006368494083
DG_F3_525,-97.71471289582291,-32.495534389769574,334.5769300771313,507.3410865987726,777.4387888113331,302.0102916186782,2424.367336904797,31.17892779467984
DG_F3_527,-535.4737251561367,-236.0580809809276,-1739.801916003047,-932.8011115742264,-5260.828938693077,-368.5654300546996,-10420.68617360992,-307.2214457035508
DG_F3_532,517.7012110671648,94.70553120492066,557.8760850154475,-42.058515994859945,-823.9579894528393,-259.30707101475025,-3225.8008231379204,-328.7605385171067
DG_F3_534,973.1917961892958,13.478807202191566,3945.5068033163125,82.87446337169499,10312.996832409675,123.90182346577812,14083.892596599813,-213.8675317855486
DG_F3_536,757.0297573808385,67.42642860519912,1627.571539559922,-328.7566748107032,3093.5157956763665,-591.6546337921704,3983.4957349655956,-395.78317864684806
DG_F3_538,-354.8130391370312,-73.68566523581993,-1210.0098431443487,-328.27392847365275,-3341.846944395322,-559.0283017971492,-6875.9953474879185,-535.6911382023231
DG_F3_540,-255.7571379703849,-71.08032445008111,-511.434428165121,275.77021921031366,126.4274428305191,345.4345550618121,-74.08338958566505,131.18308626133015
DG_F3_543,227.8610787009186,130.36275539978297,532.3802481098704,533.9759173163312,208.40833195658664,-279.2396282180744,-1163.48973652247,-333.06585650662953
DG_F3_544,263.70679319183967,11.530321585102271,1107.365417134369,-32.66348706898673,5010.561053867503,-3.813131913870419,10450.028840867553,23.084495818627666
DG_F3_545,415.86852670906603,73.32138456211047,1429.858006459674,353.64436747786965,4251.2576604468395,-42.57260242813683,6081.922375106712,75.83360584053034
DG_F3_546,778.3960022800395,392.96699631248106,1434.18209505017,676.0047974421806,2407.981964145954,667.2342240956217,2664.4650851861475,453.07681982345326
DG_F3_547,586.5979628982457,174.6881834234628,1498.0592869285465,1091.953461922884,4722.303588806943,336.22463277912084,7128.750278029916,313.5546297512417
DG_F3_548,1107.5434293413546,298.2521590993579,3377.9863405111214,374.17743218537805,9369.425041868282,-251.8237273323045,13001.231068579304,-154.195233458978
DG_F3_549,759.3405884506861,191.37230311404412,1910.725922436173,424.4929601588319,9680.27513971176,-61.44292154170939,12824.164762639586,35.39979972372903
DG_F3_550,124.96386287247333,-2.5570121278260176,693.6557523850764,869.3535784916739,3255.381549339538,333.4470099422249,7906.339033314491,110.13112377733209
DG_F3_551,278.0696004342599,189.4163174957433,346.6075480205261,790.7409965784855,-1836.1954030315806,191.77439224448287,-4132.413631902578,217.34523004917912
DG_F3_556,-72.32302323871136,33.64535710216745,-291.0950582265719,229.81576021672268,-840.8968568349073,45.36962838241789,-1188.4617503626573,-186.9403857029803
DG_F3_561,-144.01914601280242,-93.23827222530042,-310.6303948512073,-164.03527644626297,895.4622415270242,67.52065120529436,3695.218332900807,483.58185298770434
DG_F3_562,-794.366602694007,-272.5251516135143,-2707.106519548919,-546.0309845528975,-7479.580524118192,122.75173154620406,-11419.047178233832,60.86923371854513
DG_F3_563,-756.3436863378421,-228.7768207954323,-2632.3910233119386,-761.7627415539033,-8162.8422111790715,-521.0686659263898,-14045.299579254446,-491.9646095508187
DG_F3_565,-126.78150110542887,-283.377602879939,-1264.4866104485207,-709.9810092602122,-4233.827499927677,-325.96922767687715,-7866.849027078694,-259.65066271071873
DG_F3_566,-303.58708870651435,38.05821322816516,-1129.052612838423,351.0109257707398,-1751.3706339577625,636.2695599221788,-46.740824092025434,349.92378468461374
DG_F3_568,121.44497321325963,-98.98234273669821,523.6403789006225,-166.34600447051707,1833.924352632127,-282.81972240299564,3824.6568172125803,-486.06451373099463
DG_F3_573,1111.7135329210087,334.53328647508005,3120.60677277944,951.9233607666984,6017.559582007645,344.57521303973317,8445.77214403626,289.8829978182865
DG_F3_581,150.25723226041535,-147.08191199437942,-580.362215487137,-399.0551553442356,-2881.3185340321343,-408.7714057151229,-5675.284292181604,-298.13635046866756
DG_F3_582,-75.21471505484455,-77.70018821706964,325.3182831948118,-204.4826182321153,2032.0830187855006,32.82942182298202,2943.153599679945,-142.67255006354713
DG_F3_585,-12.33521218997706,-55.74566378493489,-247.70957275062273,-142.93982368417113,-897.6418813059511,-473.45263624168587,-4366.909590181372,-320.9995913107348
DG_F3_589,882.7389424497775,496.9831314734296,3110.791478795868,1431.9871580833276,7545.757822438283,571.9251709684464,11224.242673551858,485.6065407884539
DG_F3_592,267.36167911471154,198.59938856589702,1976.1731633697868,1009.3704986426665,4837.116948915149,199.5385563889115,9365.214063100513,-79.37648211042774
DG_F3_594,220.54427050266713,9.806214272396097,1219.5740942266318,168.48902321854843,3728.7045651322437,112.64878724376811,4541.885514619508,41.54794750386276
DG_F3_595,-171.66231145523716,-37.35848705170212,-327.88348293536717,100.16914048909074,-536.5075560359786,134.56330146959644,-609.8376881212962,70.77589462992655
DG_F3_598,-333.90476423437633,-146.05878356308855,-1584.0431978942884,-96.66122021312181,-4632.989733546292,251.5270822533804,-7068.110088016595,283.724666029937
DG_F3_602,-86.0350985766835,-180.9638386348185,-499.71119162929256,-244.92026445976597,-2325.181661664049,-151.43171876660665,-2318.9973909600276,-84.76667298738555
DG_F3_604,-275.26621577833,-103.85560590525034,-1164.805600115286,-229.30340579147028,-3264.555145758849,436.68565656617,-7013.345936834341,162.46560704280137
DG_F3_606,-214.03422586877093,19.911787878748285,-386.955497591935,-226.46619403511528,-225.45642312127634,-355.6496524256336,-2156.578341441524,-308.9909716888606
DG_F3_607,66.29154104459721,23.819185993325057,192.76412471615822,-424.28678049147743,382.0833916897483,-364.4656250274075,-734.4172934621797,-82.19616709846356
DG_F3_608,124.49733082892462,-99.07676898617116,378.6707185499518,422.26275061930534,1390.2828789875566,262.45323947324437,1039.5078123661247,763.5694660984751
DG_F3_609,-180.43472997806214,96.74507356948446,-252.79598221444814,687.1203025032981,526.1743553175041,294.15302878536113,3080.275799866059,316.483415581674
DG_F3_610,74.14235282896125,-98.26515477022996,303.23632627988377,-297.07320187663106,566.8582139844285,-39.59752094816679,-239.84716850349002,-73.28249900935015
DG_F3_611,475.01933031145126,224.24580679429573,1208.690527177347,914.8651002293252,3817.507356458089,986.3932507125857,7279.255745342695,634.2259228830743
DG_F3_612,17.34958574119886,92.3288972755391,-192.78962789702481,524.75017281807,-1565.8351616489833,828.9991812628349,-820.2075925903554,615.8158694377178
DG_F3_613,-66.32833523139226,93.67710751535708,-20.516639760897466,-146.0978295482394,875.5878986745807,662.5472215030511,3334.460848619711,474.0386287510406
DG_F3_614,95.36602379146025,-56.50425431095524,141.65642079975126,457.7778117200432,138.57811809182274,822.3465348114808,2489.270331535835,476.1580535059083
DG_F3_617,-274.07615452786416,-215.75045368447695,-1024.2662556778869,-734.9522611077466,-4002.8447472197004,-398.0183669276762,-6625.538034702936,-531.1610463492683
DG_F3_618,-92.19891926475306,-188.4634115652934,-620.4143618522173,-101.54231493899984,-1868.8896952919172,351.785623071509,469.707511828149,437.1122971399793
DG_F3_619,281.20142036786365,36.46643687796869,407.9565652304958,265.69534157983804,-606.5183363975593,572.1597583383464,-569.5613322947956,225.09075827263814
DG_F3_620,666.9178853249865,191.13981278500384,2165.5925399739035,252.43740165766647,8393.171572308762,-56.52166807784446,11226.319118379768,-99.7124242131231
DG_F3_621,73.84600660577576,-4.111881193082888,231.35324278236817,56.93501871044982,1101.5904332654627,380.8891592187589,-192.0996323526586,560.2727303323053
DG_F3_624,-50.83197091950859,-224.01342216055832,9.632977279454806,-285.5271520694494,-1173.2475388098956,269.69942777403094,-3655.969582986964,253.2434179052185
DG_F3_628,-71.30794340060167,75.5668197547915,-399.829244861739,237.33155012799375,-896.7259868354814,162.861955260018,-4228.920370179237,317.67706012341927
DG_F3_630,55.178612580132864,49.188218175925954,373.70347632465524,65.05631437852483,2741.695122645434,375.42647049858397,5357.013843307433,35.04746341890644
DG_F3_632,562.5487193829673,144.91080416740022,1754.5465312566798,408.8188213326026,3798.963061371845,195.80807354483724,3765.6566083554203,184.53570547406844
DG_F3_633,114.27701852013433,-174.206050917889,347.32504873546685,-436.262734364355,1814.133861257002,-127.52821499216647,5650.371209286584,132.15590115819728
DG_F3_634,77.58347302773065,-20.246665335239985,422.2461713135482,81.91451809430257,645.4484448797735,379.1453601745415,860.0874183749919,315.2454008190974
DG_F3_635,581.5117178641481,24.447332735806818,2408.668744909468,286.6231207781601,8142.107694304251,187.22470414115094,10703.784555612232,174.70392179947945
DG_F3_636,-440.30673164226704,-102.0007891745796,-1216.531127907304,-448.68825358322533,-2912.4452093641544,-344.4862990956549,-3926.0982113650084,-272.28956458488767
DG_F3_638,277.19618732247847,63.44961878436324,61.371920015663115,213.17158187157793,-1341.9782415756433,280.4870698843852,-3712.4565046366083,27.388049019556192
DG_F3_639,-205.73503735437646,-346.49606140232754,-289.23968068463336,-864.1280155433892,-722.1581244526132,-375.4870058998199,-831.9820158192114,-59.77129901430596
DG_F3_640,10.003871947349282,266.1576771905291,380.1305413264879,1268.492482575981,1551.3525980625438,675.8920726434636,217.8236323504144,515.7709775472246
DG_F3_641,248.21717910807766,172.04109924318917,946.2696582357562,601.9539836478493,4200.554335936459,435.6653860579544,7359.335032640023,438.1211817750276
DG_F3_642,-496.4882966918596,-254.07079269835342,-1609.1266493958033,-818.4523550277323,-3031.220835847355,-301.11264703622743,-5483.8975673890545,-8.298401574183513
DG_F3_643,469.65601285471524,171.1223273248469,993.8038842735185,454.972491233347,4002.865888896739,201.87381165659917,5909.7629647942595,52.798658584614195
DG_F3_644,-260.59516329146464,74.0578855885225,-900.7409877176812,41.481788828207534,-3300.2742798385975,-37.6948537807154,-4887.098143603455,-209.70191965161368
